name,pos_mse,theta_mse,max_pos_err,control_energy,delta_u_energy,delta_v_energy,delta_w_energy,max_dv,max_dw
baseline_lqr,0.0,0.0,0.0,106.00000000000004,0.0,0.0,0.0,0.0,0.0
smooth_light,0.5362361968205492,2.0491645301325643,1.0872576409160741,163.64762573366124,0.4974035854805781,0.21546005201732818,0.2819435334632501,0.22327880718640492,0.29999999999999993
smooth_medium,0.5362361968205492,2.0491645301325643,1.0872576409160741,163.64762573366124,0.4974035854805781,0.21546005201732818,0.2819435334632501,0.22327880718640492,0.29999999999999993
smooth_heavy,0.5362361968205492,2.0491645301325643,1.0872576409160741,163.64762573366124,0.4974035854805781,0.21546005201732818,0.2819435334632501,0.22327880718640492,0.29999999999999993
