name,pos_mse,theta_mse,max_pos_err,control_energy,delta_u_energy,delta_v_energy,delta_w_energy,max_dv,max_dw
baseline_lqr,0.04405036865130525,0.011593715028937534,0.2618267925386995,40.13638130173129,0.3167766154421132,0.1353917761420736,0.18138483930003968,0.16244343268224315,0.2507448631954772
smooth_light,2.0504186490103624,0.5771321421569443,2.348533234727372,71.7062095581564,0.44403217353679586,0.20938527191179226,0.23464690162500348,0.20862893504727703,0.3043210966088896
smooth_medium,2.0504186490103624,0.5771321421569443,2.348533234727372,71.7062095581564,0.44403217353679586,0.20938527191179226,0.23464690162500348,0.20862893504727703,0.3043210966088896
smooth_heavy,2.0504186490103624,0.5771321421569443,2.348533234727372,71.7062095581564,0.44403217353679586,0.20938527191179226,0.23464690162500348,0.20862893504727703,0.3043210966088896
