name,pos_mse,theta_mse,max_pos_err,control_energy,delta_u_energy,delta_v_energy,delta_w_energy,max_dv,max_dw
baseline_lqr,0.16646186378544525,0.07049541493110896,0.6000967228337286,58.992276300515684,1.0985451929869303,0.12417325213860295,0.9743719408483273,0.18803747686767325,0.4477754450439657
smooth_light,3.1250024636978178,0.21438295679189925,2.80130628745996,98.34099195506786,2.1697710479663654,0.20469621806620888,1.9650748299001564,0.22801963897778044,0.4771448631956696
smooth_medium,3.1250024636978178,0.21438295679189925,2.80130628745996,98.34099195506786,2.1697710479663654,0.20469621806620888,1.9650748299001564,0.22801963897778044,0.4771448631956696
smooth_heavy,3.1250024636978178,0.21438295679189925,2.80130628745996,98.34099195506786,2.1697710479663654,0.20469621806620888,1.9650748299001564,0.22801963897778044,0.4771448631956696
