name,pos_mse,theta_mse,max_pos_err,control_energy,delta_u_energy,delta_v_energy,delta_w_energy,max_dv,max_dw
baseline_lqr,9.114811912292605,5.417004826495139,4.715096931944374,126.48319270783851,2.992982278776027,1.512630254870905,1.4803520239051218,1.2,1.1367858355076144
smooth_light,1.1265311277619774,1.1087417810330908,2.0146987966302525,152.0551520004526,1.5101954996815397,0.5709218057617534,0.9392736939197863,0.5321938190375702,0.232269727545184
smooth_medium,1.1265311277619774,1.1087417810330908,2.0146987966302525,152.0551520004526,1.5101954996815397,0.5709218057617534,0.9392736939197863,0.5321938190375702,0.232269727545184
smooth_heavy,1.1265311277619774,1.1087417810330908,2.0146987966302525,152.0551520004526,1.5101954996815397,0.5709218057617534,0.9392736939197863,0.5321938190375702,0.232269727545184
