name,pos_mse,theta_mse,max_pos_err,control_energy,delta_u_energy,delta_v_energy,delta_w_energy,max_dv,max_dw
baseline_lqr,0.07210039495906881,0.005206330786067166,1.0500000000022813,27.08799474688732,0.3948997641498483,0.2500226394340721,0.14487712471577616,0.50000000000601,0.2231415343306633
smooth_light,1.2032397301588404,0.003628630389207128,2.0671473975433012,44.73304015352964,0.9992555911337588,0.9181407062250999,0.08111488490865898,0.9053519484562923,0.14602382998966845
smooth_medium,1.2032397301588404,0.003628630389207128,2.0671473975433012,44.73304015352964,0.9992555911337588,0.9181407062250999,0.08111488490865898,0.9053519484562923,0.14602382998966845
smooth_heavy,1.2032397301588404,0.003628630389207128,2.0671473975433012,44.73304015352964,0.9992555911337588,0.9181407062250999,0.08111488490865898,0.9053519484562923,0.14602382998966845
